{
  "boundaries": {
    "A-B": {
      "w8_mean": 0.13561492181755563,
      "w8_std": 0.052949527262914575,
      "w8_p90": 0.21574107119271074,
      "w8_p95": 0.23416090283051152,
      "product_mean": 0.004448115938600891,
      "product_std": 0.0010898713763006491,
      "product_p90": 0.005721262221300876,
      "product_p95": 0.006445798850299586
    },
    "B-C": {
      "w8_mean": 0.12871871983044453,
      "w8_std": 0.04471834428539589,
      "w8_p90": 0.19350659503493062,
      "w8_p95": 0.22677958676585996,
      "product_mean": 0.004506994829452109,
      "product_std": 0.0010843648958241813,
      "product_p90": 0.005945829444796185,
      "product_p95": 0.0064371287827683175
    },
    "C-D": {
      "w8_mean": 0.12840362591663051,
      "w8_std": 0.04624448496595138,
      "w8_p90": 0.2059974293704237,
      "w8_p95": 0.22848463967863358,
      "product_mean": 0.004495459432815817,
      "product_std": 0.0011551610481020146,
      "product_p90": 0.005927079685305954,
      "product_p95": 0.006853729164921909
    },
    "D-E": {
      "w8_mean": 0.13225775300533765,
      "w8_std": 0.04651319768233696,
      "w8_p90": 0.2080854110519702,
      "w8_p95": 0.240303913689754,
      "product_mean": 0.004502316837735621,
      "product_std": 0.001145737685517827,
      "product_p90": 0.006156814088499246,
      "product_p95": 0.006396556231291075
    }
  },
  "n_mc": 200,
  "n_shots": 1000,
  "shot_sufficient": false,
  "max_w8_p95": 0.240303913689754,
  "boundary_order": [
    "A-B",
    "B-C",
    "C-D",
    "D-E"
  ]
}