{
  "params": {
    "n_qubits": 4,
    "m_budget": 137,
    "n_shots": 1000,
    "depol": 0.03,
    "readout": 0.02,
    "n_trials": 20
  },
  "summary": {
    "K*": {
      "MLE": {
        "mean": 0.5015420193940037,
        "std": 0.004439467624616761
      },
      "LinInv": {
        "mean": 0.453664217113768,
        "std": 0.0009604748030473654
      },
      "LstSq": {
        "mean": 0.4543329214873861,
        "std": 0.0009689019730631695
      }
    },
    "D-optimal": {
      "MLE": {
        "mean": 0.4799551163929684,
        "std": 0.0025557343165576703
      },
      "LinInv": {
        "mean": 0.4365425123523602,
        "std": 0.0006723966078463472
      },
      "LstSq": {
        "mean": 0.4364987123014594,
        "std": 0.0010798109071143826
      }
    },
    "Random": {
      "MLE": {
        "mean": 0.18028925736839663,
        "std": 0.01815761231604607
      },
      "LinInv": {
        "mean": 0.5738165365447717,
        "std": 0.010125742420219125
      },
      "LstSq": {
        "mean": 0.57402920201906,
        "std": 0.010686402007383484
      }
    }
  },
  "significance_kstar_vs_dopt": {
    "MLE": {
      "k_mean": 0.5015420193940037,
      "d_mean": 0.4799551163929684,
      "delta": 0.021586903001035274,
      "p_value": 9.5367431640625e-07,
      "n_valid": 20,
      "significant_05": true
    },
    "LinInv": {
      "k_mean": 0.453664217113768,
      "d_mean": 0.4365425123523602,
      "delta": 0.017121704761407786,
      "p_value": 9.5367431640625e-07,
      "n_valid": 20,
      "significant_05": true
    },
    "LstSq": {
      "k_mean": 0.4543329214873861,
      "d_mean": 0.4364987123014594,
      "delta": 0.017834209185926653,
      "p_value": 9.5367431640625e-07,
      "n_valid": 20,
      "significant_05": true
    }
  },
  "significance_kstar_vs_random": {
    "MLE": {
      "k_mean": 0.5015420193940037,
      "r_mean": 0.18028925736839663,
      "delta": 0.32125276202560704,
      "p_value": 9.5367431640625e-07,
      "significant_05": true
    },
    "LinInv": {
      "k_mean": 0.453664217113768,
      "r_mean": 0.5738165365447717,
      "delta": -0.12015231943100374,
      "p_value": 1.0,
      "significant_05": false
    },
    "LstSq": {
      "k_mean": 0.4543329214873861,
      "r_mean": 0.57402920201906,
      "delta": -0.11969628053167397,
      "p_value": 1.0,
      "significant_05": false
    }
  },
  "per_trial": {
    "K*": {
      "MLE": [
        0.4984675719424828,
        0.4968813879814365,
        0.5019175732999062,
        0.5013636311566698,
        0.5097693127831253,
        0.5001287624214106,
        0.5072510322670779,
        0.5031002812489562,
        0.4990722199423101,
        0.4987190941421304,
        0.5015119742156364,
        0.509130006332892,
        0.49811589357630465,
        0.5068296806203666,
        0.5094165736208529,
        0.4976237004084271,
        0.5010231252199883,
        0.49808460858422515,
        0.4957258687430524,
        0.4967080893728215
      ],
      "LinInv": [
        0.4540068820517656,
        0.45231453178954417,
        0.4521449359840629,
        0.4529804234329859,
        0.4544574980241044,
        0.4540169540813957,
        0.45271707333139555,
        0.45323467386371386,
        0.45513783288049486,
        0.4527072380553374,
        0.4539447806247771,
        0.4553943858354754,
        0.45389024341426165,
        0.45429864655818025,
        0.45307839820711254,
        0.4552153822011761,
        0.45310010420324254,
        0.45433656728797056,
        0.4523644337035314,
        0.45394335674483244
      ],
      "LstSq": [
        0.45499662463068313,
        0.45515667580951086,
        0.4522192204071321,
        0.4526581147227984,
        0.45477791127877426,
        0.45351911723852484,
        0.45532432994536026,
        0.4565881423407093,
        0.45345901179531983,
        0.4541342045631194,
        0.4545947994974709,
        0.4542598698655631,
        0.4543836379770888,
        0.45344740940903266,
        0.455060276896767,
        0.4538096828163114,
        0.4544803774165463,
        0.4552199813310972,
        0.45398915898964043,
        0.454579882816271
      ]
    },
    "D-optimal": {
      "MLE": [
        0.47809222835376436,
        0.4818148521403381,
        0.4791283370899939,
        0.47692623958505403,
        0.4809078262942944,
        0.47980319400774285,
        0.4777083911673821,
        0.4796720115220112,
        0.48329746258462963,
        0.4799635127096346,
        0.4842984360657837,
        0.4817492799260371,
        0.4784093707076188,
        0.4830958332675291,
        0.4750493100662584,
        0.48052103464524487,
        0.47741485709781406,
        0.48332932740629786,
        0.48196688380910435,
        0.4759539394128352
      ],
      "LinInv": [
        0.43589132194145874,
        0.43672787843039806,
        0.4353707868108834,
        0.43609824900079114,
        0.43579020108663064,
        0.43661298792502795,
        0.43752403512359983,
        0.43756859010107396,
        0.43750729386209125,
        0.4360341042235056,
        0.4368746721762018,
        0.4374179825257822,
        0.4363835909005276,
        0.4366065298547718,
        0.43641031025358734,
        0.43558607408545014,
        0.4374624098182306,
        0.4364136553789686,
        0.43583582373538937,
        0.4367337498128318
      ],
      "LstSq": [
        0.4358949820148545,
        0.4354053213603011,
        0.43752057997585014,
        0.43573829044312157,
        0.43767537468081047,
        0.435781576556259,
        0.4348916410736558,
        0.43628356457213413,
        0.4348972656606952,
        0.43831284258466596,
        0.4376427809596403,
        0.4360918080393491,
        0.43876318449278057,
        0.4365422707935834,
        0.4372833859985802,
        0.43741199446146456,
        0.435325958919074,
        0.4362003032932697,
        0.43615529435993816,
        0.4361558257891607
      ]
    },
    "Random": {
      "MLE": [
        0.2171226217109197,
        0.1707484177174479,
        0.1457570717061116,
        0.1773044519742329,
        0.16679302681583752,
        0.17938422222244482,
        0.19894827208745208,
        0.16900616302993327,
        0.16294140836640805,
        0.17544022741989834,
        0.18244871173257227,
        0.17168173034513592,
        0.20021546019227238,
        0.1695479651287735,
        0.19078901093653755,
        0.22204729873941817,
        0.19064892035467412,
        0.16934701902804572,
        0.18223473073609944,
        0.16337841712371717
      ],
      "LinInv": [
        0.5850982892786456,
        0.5783234382112487,
        0.5598551905393074,
        0.5780111717953829,
        0.5655546275462932,
        0.5727721996088294,
        0.56977390812016,
        0.5619153563194919,
        0.5812278036833944,
        0.5730504536948864,
        0.5937224929125197,
        0.5713198566568006,
        0.5705833747787173,
        0.5667522640232697,
        0.570684925232921,
        0.589328809991693,
        0.5710885675108911,
        0.5737933407515576,
        0.5533212977225229,
        0.5901533625169012
      ],