{
  "patches": {
    "A": {
      "qubits": [
        0,
        1,
        2,
        3
      ],
      "fidelity": 0.9392237070869021,
      "n_iters": 1000,
      "n_expectations": 190,
      "rdm_1q_fidelities": {
        "q0": 0.9965419537647013,
        "q1": 0.9939529216049934,
        "q2": 0.9966552323301919,
        "q3": 0.9967132523115826
      }
    },
    "B": {
      "qubits": [
        1,
        2,
        3,
        4
      ],
      "fidelity": 0.9446897120952622,
      "n_iters": 1000,
      "n_expectations": 190,
      "rdm_1q_fidelities": {
        "q1": 0.995398222056164,
        "q2": 0.9948752812837646,
        "q3": 0.9941722167982759,
        "q4": 0.9960430149165659
      }
    },
    "C": {
      "qubits": [
        2,
        3,
        4,
        5
      ],
      "fidelity": 0.9208703734744771,
      "n_iters": 1000,
      "n_expectations": 190,
      "rdm_1q_fidelities": {
        "q2": 0.9960784534946097,
        "q3": 0.9899240585672612,
        "q4": 0.99569587176901,
        "q5": 0.9842269154925455
      }
    },
    "D": {
      "qubits": [
        3,
        4,
        5,
        6
      ],
      "fidelity": 0.9403203138522825,
      "n_iters": 1000,
      "n_expectations": 190,
      "rdm_1q_fidelities": {
        "q3": 0.999084784154925,
        "q4": 0.9932389698068905,
        "q5": 0.9953527698703767,
        "q6": 0.9940246789988105
      }
    },
    "E": {
      "qubits": [
        4,
        5,
        6,
        7
      ],
      "fidelity": 0.9322118499717249,
      "n_iters": 1000,
      "n_expectations": 190,
      "rdm_1q_fidelities": {
        "q4": 0.9966958047960368,
        "q5": 0.993770374599259,
        "q6": 0.9970663428680284,
        "q7": 0.9948533428596631
      }
    }
  },
  "boundaries": {
    "A-B": {
      "shared_qubits": [
        1,
        2,
        3
      ],
      "trace_distance": 0.14724031716460056,
      "fidelity": 0.9721618755721518
    },
    "B-C": {
      "shared_qubits": [
        2,
        3,
        4
      ],
      "trace_distance": 0.17839609890229666,
      "fidelity": 0.9627542480519267
    },
    "C-D": {
      "shared_qubits": [
        3,
        4,
        5
      ],
      "trace_distance": 0.19165783379021056,
      "fidelity": 0.9586548810917322
    },
    "D-E": {
      "shared_qubits": [
        4,
        5,
        6
      ],
      "trace_distance": 0.16832266938114337,
      "fidelity": 0.9681071772023955
    }
  },
  "rdm_1q": {
    "q0": 0.9965419537647013,
    "q1": 0.995398222056164,
    "q2": 0.9960784534946097,
    "q3": 0.999084784154925,
    "q4": 0.9966958047960368,
    "q5": 0.993770374599259,
    "q6": 0.9970663428680284,
    "q7": 0.9948533428596631
  },
  "summary": {
    "mean_patch_fidelity": 0.9354631912961298,
    "min_patch_fidelity": 0.9208703734744771,
    "max_boundary_dtr": 0.19165783379021056,
    "mean_boundary_dtr": 0.1714042298095628,
    "mean_1rdm_fidelity": 0.9961861598241735,
    "all_boundaries_pass": false,
    "all_patches_above_080": true
  }
}