{
  "arms": {
    "w8": {
      "patches": {
        "A": {
          "qubits": [
            0,
            1,
            2,
            3
          ],
          "fidelity": 0.32132214292946865,
          "n_iters": 1000,
          "n_expectations": 190,
          "rdm_1q": {
            "q0": 0.8384836724396005,
            "q1": 0.979533434903858,
            "q2": 0.8439723169842334,
            "q3": 0.9584752181481869
          }
        },
        "B": {
          "qubits": [
            1,
            2,
            3,
            4
          ],
          "fidelity": 0.2911209151259287,
          "n_iters": 1000,
          "n_expectations": 190,
          "rdm_1q": {
            "q1": 0.9851138140798881,
            "q2": 0.821256928674516,
            "q3": 0.9623070837686567,
            "q4": 0.8177099832143884
          }
        },
        "C": {
          "qubits": [
            2,
            3,
            4,
            5
          ],
          "fidelity": 0.23495947511603368,
          "n_iters": 1000,
          "n_expectations": 190,
          "rdm_1q": {
            "q2": 0.8243834835717837,
            "q3": 0.9447791051664289,
            "q4": 0.8241693525544367,
            "q5": 0.9013455247779755
          }
        },
        "D": {
          "qubits": [
            3,
            4,
            5,
            6
          ],
          "fidelity": 0.2807325194822321,
          "n_iters": 1000,
          "n_expectations": 190,
          "rdm_1q": {
            "q3": 0.9522898193761881,
            "q4": 0.8334064656863887,
            "q5": 0.9014178100669341,
            "q6": 0.8928082748390945
          }
        },
        "E": {
          "qubits": [
            4,
            5,
            6,
            7
          ],
          "fidelity": 0.27526240301141675,
          "n_iters": 1000,
          "n_expectations": 190,
          "rdm_1q": {
            "q4": 0.8275513587360378,
            "q5": 0.9255467009392684,
            "q6": 0.8412347459968945,
            "q7": 0.8291516017547408
          }
        }
      },
      "rdm_1q": {
        "q0": 0.8384836724396005,
        "q1": 0.9851138140798881,
        "q2": 0.8243834835717837,
        "q3": 0.9522898193761881,
        "q4": 0.8275513587360378,
        "q5": 0.9255467009392684,
        "q6": 0.8412347459968945,
        "q7": 0.8291516017547408
      },
      "boundaries": {
        "A-B": {
          "shared_qubits": [
            1,
            2,
            3
          ],
          "trace_distance": 0.26340121517340653
        },
        "B-C": {
          "shared_qubits": [
            2,
            3,
            4
          ],
          "trace_distance": 0.29232312286086054
        },
        "C-D": {
          "shared_qubits": [
            3,
            4,
            5
          ],
          "trace_distance": 0.24643437502337356
        },
        "D-E": {
          "shared_qubits": [
            4,
            5,
            6
          ],
          "trace_distance": 0.3067804910841877
        }
      }
    },
    "product": {
      "patches": {
        "A": {
          "qubits": [
            0,
            1,
            2,
            3
          ],
          "fidelity": 0.10866473538450509,
          "n_iters": 1000,
          "n_expectations": 190,
          "rdm_1q": {
            "q0": 0.5898124482525274,
            "q1": 0.6012755952388613,
            "q2": 0.5929952265531067,
            "q3": 0.6010879727266917
          }
        },
        "B": {
          "qubits": [
            1,
            2,
            3,
            4
          ],
          "fidelity": 0.10723962151273767,
          "n_iters": 1000,
          "n_expectations": 190,
          "rdm_1q": {
            "q1": 0.6005573634447722,
            "q2": 0.6138513173855232,
            "q3": 0.6130550330631009,
            "q4": 0.6099647779904058
          }
        },
        "C": {
          "qubits": [
            2,
            3,
            4,
            5
          ],
          "fidelity": 0.10372984862372364,
          "n_iters": 1000,
          "n_expectations": 190,
          "rdm_1q": {
            "q2": 0.5862556370858036,
            "q3": 0.594256995141853,
            "q4": 0.5883264779958114,
            "q5": 0.5964612893086182
          }
        },
        "D": {
          "qubits": [
            3,
            4,
            5,
            6
          ],
          "fidelity": 0.0891729612574107,
          "n_iters": 1000,
          "n_expectations": 190,
          "rdm_1q": {
            "q3": 0.5970714797841332,
            "q4": 0.6033944065133376,
            "q5": 0.6088656370458602,
            "q6": 0.5957321715721084
          }
        },
        "E": {
          "qubits": [
            4,
            5,
            6,
            7
          ],
          "fidelity": 0.10499549778395258,
          "n_iters": 1000,
          "n_expectations": 190,
          "rdm_1q": {
            "q4": 0.5904141727740664,
            "q5": 0.6248590115720084,
            "q6": 0.603206135384445,
            "q7": 0.5973492909212457
          }
        }
      },
      "rdm_1q": {
        "q0": 0.5898124482525274,
        "q1": 0.6005573634447722,
        "q2": 0.5862556370858036,
        "q3": 0.5970714797841332,
        "q4": 0.5904141727740664,
        "q5": 0.6248590115720084,
        "q6": 0.603206135384445,
        "q7": 0.5973492909212457
      },
      "boundaries": {
        "A-B": {
          "shared_qubits": [
            1,
            2,
            3
          ],
          "trace_distance": 0.07059609337948339
        },
        "B-C": {
          "shared_qubits": [
            2,
            3,
            4
          ],
          "trace_distance": 0.08103855397957382
        },
        "C-D": {
          "shared_qubits": [
            3,
            4,
            5
          ],
          "trace_distance": 0.08555442618088252
        },
        "D-E": {
          "shared_qubits": [
            4,
            5,
            6
          ],
          "trace_distance": 0.09296288451162887
        }
      }
    }
  },
  "boundaries": {},
  "success_criteria": {
    "A-B": {},
    "B-C": {},
    "C-D": {},
    "D-E": {}
  }
}