{
  "arms": {
    "w8": {
      "patches": {
        "A": {
          "qubits": [
            0,
            1,
            2,
            3
          ],
          "fidelity": 0.9383847599036492,
          "n_iters": 1000,
          "n_expectations": 190,
          "rdm_1q": {
            "q0": 0.9950489762240986,
            "q1": 0.9968475183702916,
            "q2": 0.9969421164407339,
            "q3": 0.9933404542123904
          }
        },
        "B": {
          "qubits": [
            1,
            2,
            3,
            4
          ],
          "fidelity": 0.9382464678412122,
          "n_iters": 1000,
          "n_expectations": 190,
          "rdm_1q": {
            "q1": 0.9985743212772199,
            "q2": 0.998473922373768,
            "q3": 0.9940257766809716,
            "q4": 0.9968773396063273
          }
        },
        "C": {
          "qubits": [
            2,
            3,
            4,
            5
          ],
          "fidelity": 0.9065137565238746,
          "n_iters": 1000,
          "n_expectations": 190,
          "rdm_1q": {
            "q2": 0.9825533627213707,
            "q3": 0.9861222941008829,
            "q4": 0.9797194527258356,
            "q5": 0.9829343708357994
          }
        },
        "D": {
          "qubits": [
            3,
            4,
            5,
            6
          ],
          "fidelity": 0.9406198104757441,
          "n_iters": 1000,
          "n_expectations": 190,
          "rdm_1q": {
            "q3": 0.9943429424661715,
            "q4": 0.9962027224867127,
            "q5": 0.9901323198711843,
            "q6": 0.9977940230143999
          }
        },
        "E": {
          "qubits": [
            4,
            5,
            6,
            7
          ],
          "fidelity": 0.938041360666472,
          "n_iters": 1000,
          "n_expectations": 190,
          "rdm_1q": {
            "q4": 0.9959013423904475,
            "q5": 0.9945902010837144,
            "q6": 0.9878239887209549,
            "q7": 0.9967987151068713
          }
        }
      },
      "rdm_1q": {
        "q0": 0.9950489762240986,
        "q1": 0.9985743212772199,
        "q2": 0.9825533627213707,
        "q3": 0.9943429424661715,
        "q4": 0.9959013423904475,
        "q5": 0.9945902010837144,
        "q6": 0.9878239887209549,
        "q7": 0.9967987151068713
      },
      "boundaries": {
        "A-B": {
          "shared_qubits": [
            1,
            2,
            3
          ],
          "trace_distance": 0.14397670228685347
        },
        "B-C": {
          "shared_qubits": [
            2,
            3,
            4
          ],
          "trace_distance": 0.24221248269508588
        },
        "C-D": {
          "shared_qubits": [
            3,
            4,
            5
          ],
          "trace_distance": 0.2284431684606549
        },
        "D-E": {
          "shared_qubits": [
            4,
            5,
            6
          ],
          "trace_distance": 0.17273210670213446
        }
      }
    },
    "product": {
      "patches": {
        "A": {
          "qubits": [
            0,
            1,
            2,
            3
          ],
          "fidelity": 0.12217063987125139,
          "n_iters": 1000,
          "n_expectations": 190,
          "rdm_1q": {
            "q0": 0.5996643514261182,
            "q1": 0.6160604031512982,
            "q2": 0.6268969143795818,
            "q3": 0.6100645243902576
          }
        },
        "B": {
          "qubits": [
            1,
            2,
            3,
            4
          ],
          "fidelity": 0.10895317938482081,
          "n_iters": 1000,
          "n_expectations": 190,
          "rdm_1q": {
            "q1": 0.591692282195914,
            "q2": 0.5885202732158828,
            "q3": 0.5974069424034919,
            "q4": 0.5974118441265983
          }
        },
        "C": {
          "qubits": [
            2,
            3,
            4,
            5
          ],
          "fidelity": 0.10614992156132748,
          "n_iters": 1000,
          "n_expectations": 190,
          "rdm_1q": {
            "q2": 0.5880431220532824,
            "q3": 0.6107332881978407,
            "q4": 0.5983419624736079,
            "q5": 0.5950104695656968
          }
        },
        "D": {
          "qubits": [
            3,
            4,
            5,
            6
          ],
          "fidelity": 0.08893504834414984,
          "n_iters": 1000,
          "n_expectations": 190,
          "rdm_1q": {
            "q3": 0.5727646608821436,
            "q4": 0.6033520866293476,
            "q5": 0.6203001850679053,
            "q6": 0.5921510698486767
          }
        },
        "E": {
          "qubits": [
            4,
            5,
            6,
            7
          ],
          "fidelity": 0.10635847844997844,
          "n_iters": 1000,
          "n_expectations": 190,
          "rdm_1q": {
            "q4": 0.5969863031502363,
            "q5": 0.6119849867485186,
            "q6": 0.600745764499931,
            "q7": 0.593430205438234
          }
        }
      },
      "rdm_1q": {
        "q0": 0.5996643514261182,
        "q1": 0.591692282195914,
        "q2": 0.5880431220532824,
        "q3": 0.5727646608821436,
        "q4": 0.5969863031502363,
        "q5": 0.6119849867485186,
        "q6": 0.600745764499931,
        "q7": 0.593430205438234
      },
      "boundaries": {
        "A-B": {
          "shared_qubits": [
            1,
            2,
            3
          ],
          "trace_distance": 0.10454118892928438
        },
        "B-C": {
          "shared_qubits": [
            2,
            3,
            4
          ],
          "trace_distance": 0.07016547886454733
        },
        "C-D": {
          "shared_qubits": [
            3,
            4,
            5
          ],
          "trace_distance": 0.11598333364424337
        },
        "D-E": {
          "shared_qubits": [
            4,
            5,
            6
          ],
          "trace_distance": 0.12761369412735307
        }
      }
    }
  },
  "boundaries": {},
  "success_criteria": {
    "A-B": {},
    "B-C": {},
    "C-D": {},
    "D-E": {}
  }
}