{
  "patches": {
    "A": {
      "qubits": [
        0,
        1,
        2,
        3
      ],
      "fidelity": 0.8804061253282449,
      "n_iters": 1000,
      "n_expectations": 190,
      "rdm_1q_fidelities": {
        "q0": 0.9718871453757469,
        "q1": 0.9796999928839704,
        "q2": 0.9719551647522173,
        "q3": 0.9734454775472272
      }
    },
    "B": {
      "qubits": [
        1,
        2,
        3,
        4
      ],
      "fidelity": 0.9288589361460869,
      "n_iters": 1000,
      "n_expectations": 190,
      "rdm_1q_fidelities": {
        "q1": 0.9901584917205319,
        "q2": 0.97916921359887,
        "q3": 0.9840079653270211,
        "q4": 0.9915663571837725
      }
    },
    "C": {
      "qubits": [
        2,
        3,
        4,
        5
      ],
      "fidelity": 0.963803937402899,
      "n_iters": 1000,
      "n_expectations": 190,
      "rdm_1q_fidelities": {
        "q2": 0.9994179239658938,
        "q3": 0.9994573311925868,
        "q4": 0.9954339886063096,
        "q5": 0.9979072134740248
      }
    },
    "D": {
      "qubits": [
        3,
        4,
        5,
        6
      ],
      "fidelity": 0.9586012820574595,
      "n_iters": 1000,
      "n_expectations": 190,
      "rdm_1q_fidelities": {
        "q3": 0.9919780370571707,
        "q4": 0.9933712980922756,
        "q5": 0.9967245470079159,
        "q6": 0.9951506465576231
      }
    },
    "E": {
      "qubits": [
        4,
        5,
        6,
        7
      ],
      "fidelity": 0.8424608064937306,
      "n_iters": 1000,
      "n_expectations": 190,
      "rdm_1q_fidelities": {
        "q4": 0.9591264927254863,
        "q5": 0.9628580739791928,
        "q6": 0.9592076601691284,
        "q7": 0.9551197872490522
      }
    }
  },
  "boundaries": {
    "A-B": {
      "shared_qubits": [
        1,
        2,
        3
      ],
      "trace_distance": 0.2644048034652906,
      "fidelity": 0.9210468332411406
    },
    "B-C": {
      "shared_qubits": [
        2,
        3,
        4
      ],
      "trace_distance": 0.19325588978618774,
      "fidelity": 0.9578819413780383
    },
    "C-D": {
      "shared_qubits": [
        3,
        4,
        5
      ],
      "trace_distance": 0.13638772921864878,
      "fidelity": 0.9777201634960173
    },
    "D-E": {
      "shared_qubits": [
        4,
        5,
        6
      ],
      "trace_distance": 0.2910624107100901,
      "fidelity": 0.8992460010378771
    }
  },
  "rdm_1q": {
    "q0": 0.9718871453757469,
    "q1": 0.9901584917205319,
    "q2": 0.9994179239658938,
    "q3": 0.9919780370571707,
    "q4": 0.9591264927254863,
    "q5": 0.9628580739791928,
    "q6": 0.9592076601691284,
    "q7": 0.9551197872490522
  },
  "summary": {
    "mean_patch_fidelity": 0.9148262174856843,
    "min_patch_fidelity": 0.8424608064937306,
    "max_boundary_dtr": 0.2910624107100901,
    "mean_boundary_dtr": 0.2212777082950543,
    "mean_1rdm_fidelity": 0.9737192015302754,
    "all_boundaries_pass": false,
    "all_patches_above_080": true
  }
}