{
  "n": 4,
  "K4_M": 89,
  "K5_M": 137,
  "n_seeds": 20,
  "n_shots": 1000,
  "depol": 0.05,
  "rdout": 0.02,
  "states": {
    "product": {
      "F_K4_mean": 0.9793235817587542,
      "F_K4_std": 0.010888156461797329,
      "F_K5_mean": 0.969712868657961,
      "F_K5_std": 0.010293609739573748,
      "delta_F": -0.0096107131007932,
      "F_K4_runs": [
        0.968306377191093,
        0.9907855301876515,
        0.9748566686450696,
        0.9819962748690292,
        0.970529139977446,
        0.9700424021988044,
        0.9788619810793878,
        0.983036110960649,
        0.9855979729502767,
        0.9765181177798344,
        0.9898687698816584,
        0.9929651251043569,
        0.9573765469582082,
        0.9912913958118562,
        0.9561597931053232,
        0.9802314094582123,
        0.977607809782993,
        0.9912403942287836,
        0.9912220660599101,
        0.977977748944539
      ],
      "F_K5_runs": [
        0.9679015745345458,
        0.9826603789517812,
        0.9592413780857847,
        0.9649302486340489,
        0.9834735827501355,
        0.975978978400596,
        0.9719846030898751,
        0.9777760422868678,
        0.9760113113551879,
        0.9561123861971559,
        0.9766121600632285,
        0.9758638497194873,
        0.9543135678464023,
        0.9715179384470479,
        0.9501628313313416,
        0.9533764800882188,
        0.9681664914236923,
        0.9833667869208188,
        0.9744174843428487,
        0.9703892986901571
      ]
    },
    "W": {
      "F_K4_mean": 0.4257971287710551,
      "F_K4_std": 0.021546941346598063,
      "F_K5_mean": 0.8162881143619363,
      "F_K5_std": 0.07038210099337033,
      "delta_F": 0.3904909855908812,
      "F_K4_runs": [
        0.3765998389595989,
        0.4412479151185473,
        0.40718359876836047,
        0.4330630938327028,
        0.40842840860457363,
        0.4408784795396786,
        0.4151951595841796,
        0.41240243065534676,
        0.4300962607554462,
        0.4229279143992867,
        0.43075102172903196,
        0.4660914920092813,
        0.40956192104955186,
        0.4510331606133306,
        0.4316384224558442,
        0.42905830531735994,
        0.4271934062350242,
        0.39063811151039013,
        0.4343748102761962,
        0.45757882400737077
      ],
      "F_K5_runs": [
        0.8820921795615037,
        0.7165035314280201,
        0.6366794957448129,
        0.884366851609679,
        0.8017359091623963,
        0.8365928876039701,
        0.8794645348703298,
        0.8267475258720081,
        0.8371109432163443,
        0.6649382993208832,
        0.8569966965526392,
        0.8472621474177809,
        0.7996644506789072,
        0.8426995498549866,
        0.8539827826222244,
        0.7976798384553098,
        0.8844704469783555,
        0.8435594795849997,
        0.8620088032556333,
        0.7712059334479393
      ]
    },
    "GHZ": {
      "F_K4_mean": 0.2848341741419221,
      "F_K4_std": 0.13072074446644374,
      "F_K5_mean": 0.6760678354918618,
      "F_K5_std": 0.26797641920759807,
      "delta_F": 0.3912336613499397,
      "F_K4_runs": [
        0.43295095078130463,
        0.29446403031014623,
        0.40191559996162063,
        0.29574026206729764,
        0.11809120155262433,
        0.26087331779426104,
        0.44421989000258527,
        0.3384990640683002,
        0.3009796501412582,
        0.03875650449124266,
        0.44795141823661655,
        0.19175714394249213,
        0.15905681886454484,
        0.06799422084010463,
        0.3135266681088953,
        0.38547621403492754,
        0.19782009368498668,
        0.4340195829866118,
        0.1589339261043562,
        0.41365692486426453
      ],
      "F_K5_runs": [
        0.9266424572423744,
        0.6543142001600882,
        0.8776158753966984,
        0.6842035657814013,
        0.14377942693188586,
        0.1709182305721661,
        0.8947155822526783,
        0.8946059895473243,
        0.6844987027881646,
        0.9239887034741665,
        0.9115039535613746,
        0.3562037093998066,
        0.6005119506591198,
        0.14695727139231876,
        0.5638060024491462,
        0.8840043936577634,
        0.7815570685303139,
        0.790664652561068,
        0.7800568576441822,
        0.8508081158351946
      ]
    },
    "GHZ_noiseless": {
      "F_K4_mean": 0.44575348149892663,
      "F_K5_mean": 0.9624226660582245,
      "delta_F": 0.5166691845592979,
      "F_K4_runs": [
        0.45542222881475863,
        0.4528527207667249,
        0.45269294925282505,
        0.45234789492914224,
        0.45731504056954436,
        0.44481052504052576,
        0.43430982348673974,
        0.43597066871564705,
        0.45676702820723053,
        0.4540222852874562,
        0.46356478326563444,
        0.42402650633976086,
        0.4612671146971205,
        0.4534581752204958,
        0.4610881754676092,
        0.44563851683039624,
        0.4470475542640766,
        0.4402440307948817,
        0.37596551185733185,
        0.44625809617062945
      ],
      "F_K5_runs": [
        0.963616877795869,
        0.9636521375131042,
        0.9649152324110946,
        0.9707961825683528,
        0.9688957027220935,
        0.9635358773447261,
        0.9616850196474385,
        0.9551651411021058,
        0.9539889518727606,
        0.957903539722003,
        0.9668566579384852,
        0.9658646857616869,
        0.9661886330850821,
        0.9645976568909778,
        0.9635582827868596,
        0.9584491294787141,
        0.9628450707124784,
        0.9582791423837129,
        0.9542922962094651,
        0.9633671032174779
      ]
    }
  },
  "timestamp": "20260312_093405"
}