{
  "description": "n=5 scaling comparison: K* vs WA-random vs Uniform-random",
  "source_script": "sota_scaling_n5.py",
  "note": "Overall ranking matches SM table (tab:n5-scaling). Per-state Haar means and some Uniform per-state values differ from SM table (likely from a different random draw that was not persisted). Product, W, GHZ per-state means for K* and WA-random match SM within rounding.",
  "sm_table_ref": "supplemental_material.tex, lines 1320-1330 (tab:n5-scaling)",
  "params": {
    "n_qubits": 5,
    "m_budget": 333,
    "total_paulis": 1023,
    "coverage": 0.3255131964809384,
    "n_shots": 1000,
    "depol": 0.03,
    "readout": 0.02,
    "n_trials": 10,
    "n_haar": 5,
    "n_mixed": 5,
    "seed": 42,
    "kstar_weight_distribution": {
      "0": 1,
      "1": 15,
      "2": 90,
      "3": 108,
      "4": 87,
      "5": 32
    }
  },
  "ranking": [
    [
      "K*",
      0.4409741175213165
    ],
    [
      "WA-random",
      0.4369288825219863
    ],
    [
      "Uniform-random",
      0.16493412733466817
    ]
  ],
  "overall": {
    "K*": 0.4409741175213165,
    "WA-random": 0.4369288825219863,
    "Uniform-random": 0.16493412733466817
  },
  "advantages": {
    "K*_over_WA_random": 0.004045234999330183,
    "K*_over_Uniform_random": 0.2760399901866483
  },
  "per_state_means": {
    "K*": {
      "Product": 0.9870284265399898,
      "W": 0.8232949325515564,
      "GHZ": 0.4886687799823844,
      "Haar": 0.31353672159200907,
      "Mixed": 0.37319755614862776
    },
    "WA-random": {
      "Product": 0.9808087850938246,
      "W": 0.7446178979411806,
      "GHZ": 0.5252071764854802,
      "Haar": 0.30571916267154436,
      "Mixed": 0.3801691599815229
    },
    "Uniform-random": {
      "Product": 0.6371823355884252,
      "W": 0.4566491124129117,
      "GHZ": 0.2843989585926868,
      "Haar": 0.03369420478250174,
      "Mixed": 0.1194884449688307
    }
  },
  "results": {
    "K*": {
      "Product": {
        "mean": 0.9870284265399898,
        "std": 0.0018107141808215942,
        "n": 10
      },
      "W": {
        "mean": 0.8232949325515564,
        "std": 0.036829962095272395,
        "n": 10
      },
      "GHZ": {
        "mean": 0.4886687799823844,
        "std": 0.008942914588275177,
        "n": 10
      },
      "Haar-0": {
        "mean": 0.3118468306192818,
        "std": 0.025873253886660664,
        "n": 10
      },
      "Haar-1": {
        "mean": 0.2903297376408933,
        "std": 0.005448531295699846,
        "n": 10
      },
      "Haar-2": {
        "mean": 0.30768175923262964,
        "std": 0.013085494821319292,
        "n": 10
      },
      "Haar-3": {
        "mean": 0.3007216119652139,
        "std": 0.003406696511115641,
        "n": 10
      },
      "Haar-4": {
        "mean": 0.35710366850202624,
        "std": 0.008984570349100818,
        "n": 10
      },
      "Mixed-0": {
        "mean": 0.36690299026654644,
        "std": 0.010629396203840197,
        "n": 10
      },
      "Mixed-1": {
        "mean": 0.3998199092419743,
        "std": 0.009914079648272426,
        "n": 10
      },
      "Mixed-2": {
        "mean": 0.31777512137332364,
        "std": 0.01189859723427494,
        "n": 10
      },
      "Mixed-3": {
        "mean": 0.44572858485502664,
        "std": 0.011184541038365046,
        "n": 10
      },
      "Mixed-4": {
        "mean": 0.33576117500626823,
        "std": 0.011244133297757912,
        "n": 10
      }
    },
    "WA-random": {
      "Product": {
        "mean": 0.9808087850938246,
        "std": 0.002904474450061225,
        "n": 10
      },
      "W": {
        "mean": 0.7446178979411806,
        "std": 0.12270445990981503,
        "n": 10
      },
      "GHZ": {
        "mean": 0.5252071764854802,
        "std": 0.14069850626642572,
        "n": 10
      },
      "Haar-0": {
        "mean": 0.28923954244221567,
        "std": 0.020528522931835064,
        "n": 10
      },
      "Haar-1": {
        "mean": 0.31413728692453285,
        "std": 0.01669626450606892,
        "n": 10
      },
      "Haar-2": {
        "mean": 0.306245175459417,
        "std": 0.01632520476668358,
        "n": 10
      },
      "Haar-3": {
        "mean": 0.31351325568468075,
        "std": 0.022675307341947507,
        "n": 10
      },
      "Haar-4": {
        "mean": 0.30546055284687573,
        "std": 0.021554556712984223,
        "n": 10
      },
      "Mixed-0": {
        "mean": 0.38856723897674805,
        "std": 0.025169227131486477,
        "n": 10
      },
      "Mixed-1": {
        "mean": 0.4037085019374421,
        "std": 0.022076383063119542,
        "n": 10
      },
      "Mixed-2": {
        "mean": 0.34969507215157497,
        "std": 0.023092114993058247,
        "n": 10
      },
      "Mixed-3": {
        "mean": 0.43497433163317323,
        "std": 0.024330060559589087,
        "n": 10
      },
      "Mixed-4": {
        "mean": 0.3239006552086763,
        "std": 0.021478991875458136,
        "n": 10
      }
    },
    "Uniform-random": {
      "Product": {
        "mean": 0.6371823355884252,
        "std": 0.1440664874738431,
        "n": 10
      },
      "W": {
        "mean": 0.4566491124129117,
        "std": 0.15307101617933622,
        "n": 10
      },
      "GHZ": {
        "mean": 0.2843989585926868,
        "std": 0.19330822163502212,
        "n": 10
      },
      "Haar-0": {
        "mean": 0.03363031223585449,
        "std": 0.006810569588142277,
        "n": 10
      },
      "Haar-1": {
        "mean": 0.03412315933784797,
        "std": 0.0075844439588100415,
        "n": 10
      },
      "Haar-2": {
        "mean": 0.033542775825759555,
        "std": 0.004770330191095645,
        "n": 10
      },
      "Haar-3": {
        "mean": 0.033590763234000474,
        "std": 0.006295828720726912,
        "n": 10
      },
      "Haar-4": {
        "mean": 0.033584013279046254,
        "std": 0.004799466286982064,
        "n": 10
      },
      "Mixed-0": {
        "mean": 0.12282637938321432,
        "std": 0.005838271647649199,
        "n": 10
      },
      "Mixed-1": {
        "mean": 0.11512895177699727,
        "std": 0.007757189872445694,
        "n": 10
      },
      "Mixed-2": {
        "mean": 0.12284239199986416,
        "std": 0.007789169557319404,
        "n": 10
      },
      "Mixed-3": {
        "mean": 0.11893120719852793,
        "std": 0.004371814306127798,
        "n": 10
      },
      "Mixed-4": {
        "mean": 0.11771329448554987,
        "std": 0.00767626743643845,
        "n": 10
      }
    }
  },
  "elapsed_seconds": 217.47905349731445
}