{
  "A-B": {
    "shared_qubits": [
      1,
      2,
      3
    ],
    "w8_dtr": 0.19361675739989254,
    "product_dtr": 0.032032829354158215,
    "w8_bootstrap": {
      "median": 0.26606038760880607,
      "ci_95": [
        0.19519903580217973,
        0.34286865591918164
      ]
    },
    "product_bootstrap": {
      "median": 0.049597626471646505,
      "ci_95": [
        0.030797373891985846,
        0.07200652531709091
      ]
    }
  },
  "B-C": {
    "shared_qubits": [
      2,
      3,
      4
    ],
    "w8_dtr": 0.1563571611169176,
    "product_dtr": 0.04071930383907792,
    "w8_bootstrap": {
      "median": 0.252037856225489,
      "ci_95": [
        0.17903647921972535,
        0.33824384087083376
      ]
    },
    "product_bootstrap": {
      "median": 0.057722378314814325,
      "ci_95": [
        0.03867526761024363,
        0.08117175118918624
      ]
    }
  },
  "C-D": {
    "shared_qubits": [
      3,
      4,
      5
    ],
    "w8_dtr": 0.15701719970895375,
    "product_dtr": 0.05320157290064985,
    "w8_bootstrap": {
      "median": 0.2621214659250919,
      "ci_95": [
        0.18558000148316475,
        0.3593481625720618
      ]
    },
    "product_bootstrap": {
      "median": 0.06478264820851207,
      "ci_95": [
        0.043048562308230544,
        0.09017393609982871
      ]
    }
  },
  "D-E": {
    "shared_qubits": [
      4,
      5,
      6
    ],
    "w8_dtr": 0.2139943305462617,
    "product_dtr": 0.03462655692517066,
    "w8_bootstrap": {
      "median": 0.26173796483076384,
      "ci_95": [
        0.1833207267552774,
        0.3492977319493119
      ]
    },
    "product_bootstrap": {
      "median": 0.058639314072934885,
      "ci_95": [
        0.03791141900584934,
        0.09326469465686367
      ]
    }
  },
  "success_criteria": {
    "A-B": {
      "ks_statistic": 1.0,
      "ks_pvalue": 0.0,
      "ks_pass": false
    },
    "B-C": {
      "ks_statistic": 1.0,
      "ks_pvalue": 0.0,
      "ks_pass": false
    },
    "C-D": {
      "ks_statistic": 1.0,
      "ks_pvalue": 0.0,
      "ks_pass": false
    },
    "D-E": {
      "ks_statistic": 1.0,
      "ks_pvalue": 0.0,
      "ks_pass": false
    }
  },
  "verdict": "FAILURE",
  "verdict_detail": {
    "null_model_pass": 0,
    "ks_pass": 0,
    "either_pass": 0,
    "total_boundaries": 4
  }
}