{
  "w8": {
    "A": {
      "n_iters": 1000,
      "frob_convergence": [
        0.0512144578920792,
        0.05121625688638851,
        0.06468263855784173,
        0.059468921345579205,
        0.056369578298857
      ],
      "n_expectations": 190
    },
    "B": {
      "n_iters": 1000,
      "frob_convergence": [
        0.06284282683791279,
        0.06018421538635557,
        0.06548395259096618,
        0.06362329495823545,
        0.047832722995344745
      ],
      "n_expectations": 190
    },
    "C": {
      "n_iters": 1000,
      "frob_convergence": [
        0.05221997643840857,
        0.05693587013503975,
        0.0481723163775228,
        0.04143868828878239,
        0.04542870441596707
      ],
      "n_expectations": 190
    },
    "D": {
      "n_iters": 1000,
      "frob_convergence": [
        0.0536089037026753,
        0.04490869171923398,
        0.04657444508031123,
        0.055275832761355705,
        0.05231446840303276
      ],
      "n_expectations": 190
    },
    "E": {
      "n_iters": 1000,
      "frob_convergence": [
        0.03213667694929609,
        0.03130630321711636,
        0.053614466928494725,
        0.036540849213671636,
        0.03486569281644315
      ],
      "n_expectations": 190
    }
  },
  "product": {
    "A": {
      "n_iters": 1000,
      "frob_convergence": [
        0.01900548950167949,
        0.03877606321917304,
        0.02570595709168653,
        0.030904837251677735,
        0.01828652719701333
      ],
      "n_expectations": 190
    },
    "B": {
      "n_iters": 1000,
      "frob_convergence": [
        0.03294112041085327,
        0.04313140509109784,
        0.034783351172968074,
        0.04455936106224108,
        0.03380513504487786
      ],
      "n_expectations": 190
    },
    "C": {
      "n_iters": 1000,
      "frob_convergence": [
        0.03684724847178874,
        0.034404668726789316,
        0.02296852757065851,
        0.03262841471486814,
        0.017964631673307193
      ],
      "n_expectations": 190
    },
    "D": {
      "n_iters": 1000,
      "frob_convergence": [
        0.019309644878880986,
        0.02586487624827903,
        0.027912798937434938,
        0.020759803312293934,
        0.02356599906067845
      ],
      "n_expectations": 190
    },
    "E": {
      "n_iters": 1000,
      "frob_convergence": [
        0.026768870830981426,
        0.02183884817614056,
        0.025156780683630656,
        0.021734407851931807,
        0.02477346251862094
      ],
      "n_expectations": 190
    }
  }
}