{
  "patches": {
    "A": {
      "F_kstar": 0.6029530452873698,
      "F_random": 0.08527214098950674,
      "dF": 0.5176809042978631,
      "dF_bootstrap": {
        "median": 0.4613460885080281,
        "ci_95": [
          0.2984065571258531,
          0.5344500388534621
        ],
        "std": 0.06078506933399429
      },
      "n_ops_kstar": 190,
      "n_ops_random": 205,
      "n_iters_random": 1000
    },
    "B": {
      "F_kstar": 0.5816745322096791,
      "F_random": 0.11720424253400483,
      "dF": 0.4644702896756743,
      "dF_bootstrap": {
        "median": 0.42811804420001304,
        "ci_95": [
          0.31353673578619157,
          0.49849799366277947
        ],
        "std": 0.04848138709148452
      },
      "n_ops_kstar": 190,
      "n_ops_random": 200,
      "n_iters_random": 1000
    },
    "C": {
      "F_kstar": 0.7577707667135972,
      "F_random": 0.25508800133769033,
      "dF": 0.502682765375907,
      "dF_bootstrap": {
        "median": 0.4956547034675274,
        "ci_95": [
          0.3556024568316837,
          0.645949739555515
        ],
        "std": 0.07946246229761045
      },
      "n_ops_kstar": 190,
      "n_ops_random": 202,
      "n_iters_random": 1000
    },
    "D": {
      "F_kstar": 0.7092880121406879,
      "F_random": 0.11632705351543964,
      "dF": 0.5929609586252483,
      "dF_bootstrap": {
        "median": 0.5273708540282858,
        "ci_95": [
          0.3976850681422284,
          0.6219420787550789
        ],
        "std": 0.059621188444476274
      },
      "n_ops_kstar": 190,
      "n_ops_random": 199,
      "n_iters_random": 1000
    },
    "E": {
      "F_kstar": 0.6889921366844753,
      "F_random": 0.09746021607727176,
      "dF": 0.5915319206072036,
      "dF_bootstrap": {
        "median": 0.5335804834860396,
        "ci_95": [
          0.37744528465534644,
          0.6392190242739733
        ],
        "std": 0.06869601280134797
      },
      "n_ops_kstar": 190,
      "n_ops_random": 208,
      "n_iters_random": 1000
    }
  },
  "mean_dF": 0.5338653677163793,
  "all_positive": true,
  "n_significant": 5
}