{
  "w8": {
    "A": {
      "fidelity": 0.6029530452873698,
      "qubits": [
        0,
        1,
        2,
        3
      ],
      "bootstrap": {
        "median": 0.5737136773912446,
        "ci_95": [
          0.5050278158723436,
          0.6203796434399665
        ],
        "std": 0.030007607548117723
      },
      "weight_energy": {
        "0": 1.0,
        "1": 1.4110437641156945,
        "2": 1.358052988956916,
        "3": 0.5635788844444443,
        "4": 0.10432588888888891
      }
    },
    "B": {
      "fidelity": 0.5816745322096791,
      "qubits": [
        1,
        2,
        3,
        4
      ],
      "bootstrap": {
        "median": 0.5507515573564294,
        "ci_95": [
          0.4548315184017024,
          0.600734460850177
        ],
        "std": 0.037073343751656544
      },
      "weight_energy": {
        "0": 1.0,
        "1": 1.2185268208858917,
        "2": 0.9903581488888892,
        "3": 0.5317605833333332,
        "4": 0.064731
      }
    },
    "C": {
      "fidelity": 0.7577707667135972,
      "qubits": [
        2,
        3,
        4,
        5
      ],
      "bootstrap": {
        "median": 0.7015977571130709,
        "ci_95": [
          0.5953368761445685,
          0.7715559586824076
        ],
        "std": 0.0454101341062918
      },
      "weight_energy": {
        "0": 1.0,
        "1": 0.7923806229506569,
        "2": 0.5878193241496598,
        "3": 0.24991211111111114,
        "4": 0.05455544444444445
      }
    },
    "D": {
      "fidelity": 0.7092880121406879,
      "qubits": [
        3,
        4,
        5,
        6
      ],
      "bootstrap": {
        "median": 0.6577654119230456,
        "ci_95": [
          0.5833315048557937,
          0.7288459924164726
        ],
        "std": 0.03788745386566653
      },
      "weight_energy": {
        "0": 1.0,
        "1": 0.6502774590380194,
        "2": 0.7614467133333334,
        "3": 0.3135378888888888,
        "4": 0.089033
      }
    },
    "E": {
      "fidelity": 0.6889921366844753,
      "qubits": [
        4,
        5,
        6,
        7
      ],
      "bootstrap": {
        "median": 0.6829395324732612,
        "ci_95": [
          0.5924992411567787,
          0.7491768765745084
        ],
        "std": 0.04134696651556956
      },
      "weight_energy": {
        "0": 1.0,
        "1": 0.5099490140257056,
        "2": 0.7002406380555557,
        "3": 0.5488647211111112,
        "4": 0.15744225000000003
      }
    }
  },
  "product": {
    "A": {
      "fidelity": 0.9949054726001926,
      "qubits": [
        0,
        1,
        2,
        3
      ],
      "bootstrap": {
        "median": 0.9937870079185231,
        "ci_95": [
          0.9901387203973346,
          0.9959990402013275
        ],
        "std": 0.0015660120174426013
      },
      "weight_energy": {
        "0": 1.0,
        "1": 3.803381974134004,
        "2": 5.416290673877551,
        "3": 3.516383848888893,
        "4": 0.8541810000000004
      }
    },
    "B": {
      "fidelity": 0.9926676653019744,
      "qubits": [
        1,
        2,
        3,
        4
      ],
      "bootstrap": {
        "median": 0.9926193733746254,
        "ci_95": [
          0.987731517191676,
          0.9952136996262098
        ],
        "std": 0.0018952706708346076
      },
      "weight_energy": {
        "0": 1.0,
        "1": 3.78076502869096,
        "2": 5.382384712222222,
        "3": 3.5268966666666683,
        "4": 0.863646
      }
    },
    "C": {
      "fidelity": 0.9922582494367029,
      "qubits": [
        2,
        3,
        4,
        5
      ],
      "bootstrap": {
        "median": 0.9909445052968038,
        "ci_95": [
          0.9856420566391847,
          0.9941346446710208
        ],
        "std": 0.0021879620415856367
      },
      "weight_energy": {
        "0": 1.0,
        "1": 3.71142329099915,
        "2": 5.179270914444443,
        "3": 3.359326000000002,
        "4": 0.7935140000000002
      }
    },
    "D": {
      "fidelity": 0.9918599827239412,
      "qubits": [
        3,
        4,
        5,
        6
      ],
      "bootstrap": {
        "median": 0.9913017611449961,
        "ci_95": [
          0.9865301832866493,
          0.9946587374703268
        ],
        "std": 0.0021113700557306267
      },
      "weight_energy": {
        "0": 1.0,
        "1": 3.7346192135255474,
        "2": 5.24695524111111,
        "3": 3.3565018055555544,
        "4": 0.7870490000000003
      }
    },
    "E": {
      "fidelity": 0.990364120362264,
      "qubits": [
        4,
        5,
        6,
        7
      ],
      "bootstrap": {
        "median": 0.989575882799983,
        "ci_95": [
          0.9803398893196469,
          0.9937833740958932
        ],
        "std": 0.003640398147334091
      },
      "weight_energy": {
        "0": 1.0,
        "1": 3.6936787593505764,
        "2": 5.184207912500001,
        "3": 3.410226515555555,
        "4": 0.8242972500000003
      }
    }
  }
}