{
  "w8": {
    "q0": 0.991176911512008,
    "q1": 0.8234922927761078,
    "q2": 0.9606125231782705,
    "q3": 0.9587565510596914,
    "q4": 0.9594633574214213,
    "q5": 0.9467094668635013,
    "q6": 0.9527635048563808,
    "q7": 0.9791709362164163
  },
  "product": {
    "q0": 0.9985516226628449,
    "q1": 0.9971948037661854,
    "q2": 0.9971855234229214,
    "q3": 0.9969148331958201,
    "q4": 0.9961899004794988,
    "q5": 0.9954284413954062,
    "q6": 0.9973995737874961,
    "q7": 0.9965666241827035
  }
}