{
  "arms": {
    "w8": {
      "patches": {
        "A": {
          "qubits": [
            0,
            1,
            2,
            3
          ],
          "fidelity": 0.9286215783950703,
          "n_iters": 1000,
          "frob_convergence": [
            0.019682382466234716,
            0.022959552702957152,
            0.023596725394802263,
            0.02173153461400134,
            0.020947681137661805
          ],
          "n_expectations": 190,
          "weight_energy": {
            "0": 1.0,
            "1": 1.33320013775714,
            "2": 1.296418703945578,
            "3": 0.861528333333333,
            "4": 0.1939068888888889
          },
          "rdm_1q": {
            "q0": 0.9984491194501735,
            "q1": 0.9908275165814459,
            "q2": 0.9921488985117731,
            "q3": 0.9888470686766075
          }
        },
        "B": {
          "qubits": [
            1,
            2,
            3,
            4
          ],
          "fidelity": 0.9368249101276936,
          "n_iters": 1000,
          "frob_convergence": [
            0.028474637495216462,
            0.026211958633466027,
            0.024077773891964683,
            0.02833251114430148,
            0.025486356066632982
          ],
          "n_expectations": 190,
          "weight_energy": {
            "0": 1.0,
            "1": 1.337347963789351,
            "2": 1.3464510666666665,
            "3": 0.8448460277777782,
            "4": 0.24991200000000005
          },
          "rdm_1q": {
            "q1": 0.9904274468321335,
            "q2": 0.9955470119537202,
            "q3": 0.9902746854504407,
            "q4": 0.9973080887691796
          }
        },
        "C": {
          "qubits": [
            2,
            3,
            4,
            5
          ],
          "fidelity": 0.938029330642232,
          "n_iters": 1000,
          "frob_convergence": [
            0.021549041699335587,
            0.023108951283877906,
            0.017200374244633106,
            0.02299082439110337,
            0.017948240182401216
          ],
          "n_expectations": 190,
          "weight_energy": {
            "0": 1.0,
            "1": 1.328589873278471,
            "2": 1.322818011473923,
            "3": 0.8636670000000002,
            "4": 0.17977144444444446
          },
          "rdm_1q": {
            "q2": 0.9972885276809991,
            "q3": 0.9984875800724744,
            "q4": 0.9909619188448494,
            "q5": 0.9894679630296859
          }
        },
        "D": {
          "qubits": [
            3,
            4,
            5,
            6
          ],
          "fidelity": 0.9417179254793278,
          "n_iters": 1000,
          "frob_convergence": [
            0.022611573960179775,
            0.02318312086395117,
            0.0243761190849909,
            0.02447985985120876,
            0.027994238432915933
          ],
          "n_expectations": 190,
          "weight_energy": {
            "0": 1.0,
            "1": 1.3364074743857115,
            "2": 1.260750443333333,
            "3": 0.7255951111111113,
            "4": 0.18663700000000005
          },
          "rdm_1q": {
            "q3": 0.9956021608652127,
            "q4": 0.9980793818625362,
            "q5": 0.9954220173161011,
            "q6": 0.9966968177619494
          }
        },
        "E": {
          "qubits": [
            4,
            5,
            6,
            7
          ],
          "fidelity": 0.9409256952980343,
          "n_iters": 1000,
          "frob_convergence": [
            0.02416426878809076,
            0.02082169875615786,
            0.024990048570489063,
            0.0221865467700685,
            0.024281756909646506
          ],
          "n_expectations": 190,
          "weight_energy": {
            "0": 1.0,
            "1": 1.3535828125935183,
            "2": 1.3557145138888886,
            "3": 0.7437575166666671,
            "4": 0.22940924999999993
          },
          "rdm_1q": {
            "q4": 0.9918092911866366,
            "q5": 0.9951284498032766,
            "q6": 0.9945595079848121,
            "q7": 0.99111425991104
          }
        }
      },
      "rdm_1q": {
        "q0": 0.9984491194501735,
        "q1": 0.9904274468321335,
        "q2": 0.9972885276809991,
        "q3": 0.9956021608652127,
        "q4": 0.9918092911866366,
        "q5": 0.9951284498032766,
        "q6": 0.9945595079848121,
        "q7": 0.99111425991104
      },
      "boundaries": {
        "A-B": {
          "shared_qubits": [
            1,
            2,
            3
          ],
          "trace_distance": 0.12017293651802963
        },
        "B-C": {
          "shared_qubits": [
            2,
            3,
            4
          ],
          "trace_distance": 0.15106110232610498
        },
        "C-D": {
          "shared_qubits": [
            3,
            4,
            5
          ],
          "trace_distance": 0.15859563029153834
        },
        "D-E": {
          "shared_qubits": [
            4,
            5,
            6
          ],
          "trace_distance": 0.1460013137687208
        }
      }
    },
    "product": {
      "patches": {
        "A": {
          "qubits": [
            0,
            1,
            2,
            3
          ],
          "fidelity": 0.9791117638207941,
          "n_iters": 1000,
          "frob_convergence": [
            0.02761006454883726,
            0.03828599238849547,
            0.03415375211833092,
            0.028053174816361662,
            0.04603703470997739
          ],
          "n_expectations": 190,
          "weight_energy": {
            "0": 1.0,
            "1": 2.3820423116358045,
            "2": 3.4430426734013606,
            "3": 2.2914702933333335,
            "4": 0.5542338888888889
          },
          "rdm_1q": {
            "q0": 0.9938340828980244,
            "q1": 0.9882297796833355,
            "q2": 0.9906548921225259,
            "q3": 0.9873581452839078
          }
        },
        "B": {
          "qubits": [
            1,
            2,
            3,
            4
          ],
          "fidelity": 0.974316769067352,
          "n_iters": 1000,
          "frob_convergence": [
            0.04229400587249761,
            0.044707013628599274,
            0.03415961852191994,
            0.03722695536815048,
            0.029924414846468253
          ],
          "n_expectations": 190,
          "weight_energy": {
            "0": 1.0,
            "1": 2.403488183736653,
            "2": 3.4404185244444454,
            "3": 2.3057734722222225,
            "4": 0.553117
          },
          "rdm_1q": {
            "q1": 0.989770626247348,
            "q2": 0.9885025546498216,
            "q3": 0.9885000439715698,
            "q4": 0.9867840767821038
          }
        },
        "C": {
          "qubits": [
            2,
            3,
            4,
            5
          ],
          "fidelity": 0.9769960052769714,
          "n_iters": 1000,
          "frob_convergence": [
            0.026751384987745448,
            0.02586852375546647,
            0.04142756073302984,
            0.023004726953514524,
            0.03231358918268822
          ],
          "n_expectations": 190,
          "weight_energy": {
            "0": 1.0,
            "1": 2.394052931416203,
            "2": 3.424885848276645,
            "3": 2.2964771111111117,
            "4": 0.5640801111111111
          },
          "rdm_1q": {
            "q2": 0.9928192847265354,
            "q3": 0.9892141376641433,
            "q4": 0.9862060598475267,
            "q5": 0.9907338594835423
          }
        },