{
  "arms": {
    "w8": {
      "patches": {
        "A": {
          "qubits": [
            0,
            1,
            2,
            3
          ],
          "fidelity": 0.9383847599036492,
          "n_iters": 1000,
          "frob_convergence": [
            0.026499658629464285,
            0.027682679103547842,
            0.024979354803781068,
            0.026088994398722285,
            0.026185526859502272
          ],
          "n_expectations": 190,
          "weight_energy": {
            "0": 1.0,
            "1": 1.3164789225929256,
            "2": 1.2723158633333331,
            "3": 0.6575289999999999,
            "4": 0.131768
          },
          "rdm_1q": {
            "q0": 0.9950489762240986,
            "q1": 0.9968475183702916,
            "q2": 0.9969421164407339,
            "q3": 0.9933404542123904
          }
        },
        "B": {
          "qubits": [
            1,
            2,
            3,
            4
          ],
          "fidelity": 0.9382464678412122,
          "n_iters": 1000,
          "frob_convergence": [
            0.026287075477151978,
            0.027888899754104832,
            0.02843213360515882,
            0.02150037542936448,
            0.021221842363948695
          ],
          "n_expectations": 190,
          "weight_energy": {
            "0": 1.0,
            "1": 1.3384684152833215,
            "2": 1.2258615900000005,
            "3": 0.7448010000000003,
            "4": 0.16482799999999997
          },
          "rdm_1q": {
            "q1": 0.9985743212772199,
            "q2": 0.998473922373768,
            "q3": 0.9940257766809716,
            "q4": 0.9968773396063273
          }
        },
        "C": {
          "qubits": [
            2,
            3,
            4,
            5
          ],
          "fidelity": 0.9065137565238746,
          "n_iters": 1000,
          "frob_convergence": [
            0.021275765096162236,
            0.021352468882979127,
            0.02657196137232327,
            0.019371661081390896,
            0.02556300600576478
          ],
          "n_expectations": 190,
          "weight_energy": {
            "0": 1.0,
            "1": 1.3307228020011492,
            "2": 1.318803911111111,
            "3": 0.8179170000000002,
            "4": 0.154468
          },
          "rdm_1q": {
            "q2": 0.9825533627213707,
            "q3": 0.9861222941008829,
            "q4": 0.9797194527258356,
            "q5": 0.9829343708357994
          }
        },
        "D": {
          "qubits": [
            3,
            4,
            5,
            6
          ],
          "fidelity": 0.9406198104757441,
          "n_iters": 1000,
          "frob_convergence": [
            0.021695046753751186,
            0.02168521548643336,
            0.022412712811016686,
            0.024418688591117448,
            0.023712809036291062
          ],
          "n_expectations": 190,
          "weight_energy": {
            "0": 1.0,
            "1": 1.3734648470336221,
            "2": 1.3534089733333332,
            "3": 0.7487250000000001,
            "4": 0.214656
          },
          "rdm_1q": {
            "q3": 0.9943429424661715,
            "q4": 0.9962027224867127,
            "q5": 0.9901323198711843,
            "q6": 0.9977940230143999
          }
        },
        "E": {
          "qubits": [
            4,
            5,
            6,
            7
          ],
          "fidelity": 0.938041360666472,
          "n_iters": 1000,
          "frob_convergence": [
            0.019951982484151847,
            0.029351274800706807,
            0.027887916878448257,
            0.02185030667343575,
            0.025619415508270592
          ],
          "n_expectations": 190,
          "weight_energy": {
            "0": 1.0,
            "1": 1.2719315829813491,
            "2": 1.3110739377777776,
            "3": 0.7210689999999998,
            "4": 0.21079599999999998
          },
          "rdm_1q": {
            "q4": 0.9959013423904475,
            "q5": 0.9945902010837144,
            "q6": 0.9878239887209549,
            "q7": 0.9967987151068713
          }
        }
      },
      "rdm_1q": {
        "q0": 0.9950489762240986,
        "q1": 0.9985743212772199,
        "q2": 0.9825533627213707,
        "q3": 0.9943429424661715,
        "q4": 0.9959013423904475,
        "q5": 0.9945902010837144,
        "q6": 0.9878239887209549,
        "q7": 0.9967987151068713
      },
      "boundaries": {
        "A-B": {
          "shared_qubits": [
            1,
            2,
            3
          ],
          "trace_distance": 0.14397670228685347
        },
        "B-C": {
          "shared_qubits": [
            2,
            3,
            4
          ],
          "trace_distance": 0.24221248269508588
        },
        "C-D": {
          "shared_qubits": [
            3,
            4,
            5
          ],
          "trace_distance": 0.2284431684606549
        },
        "D-E": {
          "shared_qubits": [
            4,
            5,
            6
          ],
          "trace_distance": 0.17273210670213446
        }
      }
    },
    "product": {
      "patches": {
        "A": {
          "qubits": [
            0,
            1,
            2,
            3
          ],
          "fidelity": 0.970605531313001,
          "n_iters": 1000,
          "frob_convergence": [
            0.05747036247102978,
            0.04403533003354204,
            0.03649275585501656,
            0.036267320609296064,
            0.036969188660277014
          ],
          "n_expectations": 190,
          "weight_energy": {
            "0": 1.0,
            "1": 2.3772989062569834,
            "2": 3.4201477788888885,
            "3": 2.2506470000000003,
            "4": 0.541936
          },
          "rdm_1q": {
            "q0": 0.9892539313958715,
            "q1": 0.985882195738542,
            "q2": 0.9830761186173034,
            "q3": 0.985476676525645
          }
        },
        "B": {
          "qubits": [
            1,
            2,
            3,
            4
          ],
          "fidelity": 0.9730922514871129,
          "n_iters": 1000,
          "frob_convergence": [
            0.025660158906658685,
            0.03691143248656752,
            0.035356188779172314,
            0.024235038691683797,
            0.03503224780920572
          ],
          "n_expectations": 190,
          "weight_energy": {
            "0": 1.0,
            "1": 2.3482447829656694,
            "2": 3.396908853333334,
            "3": 2.229068,
            "4": 0.5721720000000001
          },
          "rdm_1q": {
            "q1": 0.9877235882908558,
            "q2": 0.988047051111115,
            "q3": 0.9882407267095082,
            "q4": 0.9900727164438549
          }
        },
        "C": {
          "qubits": [
            2,
            3,
            4,
            5
          ],
          "fidelity": 0.9782602362903222,
          "n_iters": 1000,
          "frob_convergence": [
            0.04597841961999456,
            0.02864725922070012,
            0.028455775374696454,
            0.03222827625801813,
            0.0367779090324931
          ],
          "n_expectations": 190,
          "weight_energy": {
            "0": 1.0,
            "1": 2.385997289249369,
            "2": 3.537864915555556,
            "3": 2.319999000000002,
            "4": 0.564948
          },
          "rdm_1q": {
            "q2": 0.9911453323757423,
            "q3": 0.9858302861805975,
            "q4": 0.9896794800328628,
            "q5": 0.9903906620888449
          }
        },