{
  "arms": {
    "w8": {
      "patches": {
        "A": {
          "qubits": [
            0,
            1,
            2,
            3
          ],
          "fidelity": 0.9310138039370373,
          "n_iters": 1000,
          "frob_convergence": [
            0.0213144031767642,
            0.019663051880441318,
            0.019792030940262908,
            0.022460110719028824,
            0.024727771214784647
          ],
          "n_expectations": 190,
          "weight_energy": {
            "0": 1.0,
            "1": 1.318340610572144,
            "2": 1.298575460702948,
            "3": 0.7398247155555558,
            "4": 0.18827355555555558
          },
          "rdm_1q": {
            "q0": 0.9973524676675621,
            "q1": 0.988772825532554,
            "q2": 0.9893794449901772,
            "q3": 0.9924394581345415
          }
        },
        "B": {
          "qubits": [
            1,
            2,
            3,
            4
          ],
          "fidelity": 0.9404221415104975,
          "n_iters": 1000,
          "frob_convergence": [
            0.019208488613247126,
            0.0188021145529467,
            0.018883835352900048,
            0.020475221482116168,
            0.018580367155530235
          ],
          "n_expectations": 190,
          "weight_energy": {
            "0": 1.0,
            "1": 1.3122786844820469,
            "2": 1.2629327333333331,
            "3": 0.7241931388888889,
            "4": 0.161361
          },
          "rdm_1q": {
            "q1": 0.9915368024191297,
            "q2": 0.9954532860021966,
            "q3": 0.9976936519723123,
            "q4": 0.9925443415301923
          }
        },
        "C": {
          "qubits": [
            2,
            3,
            4,
            5
          ],
          "fidelity": 0.9460046367770731,
          "n_iters": 1000,
          "frob_convergence": [
            0.0204241442078277,
            0.021905313776977065,
            0.025634426936457164,
            0.019391999789421865,
            0.0205684461140205
          ],
          "n_expectations": 190,
          "weight_energy": {
            "0": 1.0,
            "1": 1.3364756544556062,
            "2": 1.2393730881405896,
            "3": 0.7027534444444447,
            "4": 0.14736799999999994
          },
          "rdm_1q": {
            "q2": 0.996475060454717,
            "q3": 0.9980547444990748,
            "q4": 0.9959061402156343,
            "q5": 0.993042642379971
          }
        },
        "D": {
          "qubits": [
            3,
            4,
            5,
            6
          ],
          "fidelity": 0.9332194700503514,
          "n_iters": 1000,
          "frob_convergence": [
            0.026480043212886144,
            0.022537110115208932,
            0.0273444324362817,
            0.022493562271685356,
            0.02762624459352051
          ],
          "n_expectations": 190,
          "weight_energy": {
            "0": 1.0,
            "1": 1.3329647020143636,
            "2": 1.2367207800000004,
            "3": 0.6555098888888888,
            "4": 0.14368544444444442
          },
          "rdm_1q": {
            "q3": 0.9986697625464844,
            "q4": 0.9934657137124735,
            "q5": 0.9965824761477783,
            "q6": 0.9961100749986289
          }
        },
        "E": {
          "qubits": [
            4,
            5,
            6,
            7
          ],
          "fidelity": 0.9477860354871721,
          "n_iters": 1000,
          "frob_convergence": [
            0.02832878966541628,
            0.029621832232921506,
            0.024853548733635947,
            0.02441525236769095,
            0.02283303855715067
          ],
          "n_expectations": 190,
          "weight_energy": {
            "0": 1.0,
            "1": 1.3527285353796994,
            "2": 1.2608631858333335,
            "3": 0.706393076666667,
            "4": 0.17691924999999997
          },
          "rdm_1q": {
            "q4": 0.9980868314399514,
            "q5": 0.996024360299295,
            "q6": 0.9928407871714556,
            "q7": 0.9967339962176058
          }
        }
      },
      "rdm_1q": {
        "q0": 0.9973524676675621,
        "q1": 0.9915368024191297,
        "q2": 0.996475060454717,
        "q3": 0.9986697625464844,
        "q4": 0.9980868314399514,
        "q5": 0.996024360299295,
        "q6": 0.9928407871714556,
        "q7": 0.9967339962176058
      },
      "boundaries": {
        "A-B": {
          "shared_qubits": [
            1,
            2,
            3
          ],
          "trace_distance": 0.14476603101300195
        },
        "B-C": {
          "shared_qubits": [
            2,
            3,
            4
          ],
          "trace_distance": 0.13215847396991764
        },
        "C-D": {
          "shared_qubits": [
            3,
            4,
            5
          ],
          "trace_distance": 0.15321941008511378
        },
        "D-E": {
          "shared_qubits": [
            4,
            5,
            6
          ],
          "trace_distance": 0.13656636299151861
        }
      }
    },
    "product": {
      "patches": {
        "A": {
          "qubits": [
            0,
            1,
            2,
            3
          ],
          "fidelity": 0.9751490156083488,
          "n_iters": 1000,
          "frob_convergence": [
            0.03257702003376362,
            0.030283430536351144,
            0.039293929516264245,
            0.03246300917539544,
            0.030444501748840013
          ],
          "n_expectations": 190,
          "weight_energy": {
            "0": 1.0,
            "1": 2.3670263257504445,
            "2": 3.42043642292517,
            "3": 2.263549467777778,
            "4": 0.565357
          },
          "rdm_1q": {
            "q0": 0.9930460845394808,
            "q1": 0.988481203027173,
            "q2": 0.9845810730996167,
            "q3": 0.9899731771594477
          }
        },
        "B": {
          "qubits": [
            1,
            2,
            3,
            4
          ],
          "fidelity": 0.9671389839747772,
          "n_iters": 1000,
          "frob_convergence": [
            0.03170244767020731,
            0.03638127044436405,
            0.034945839757881,
            0.032350274551514124,
            0.043264844078441014
          ],
          "n_expectations": 190,
          "weight_energy": {
            "0": 1.0,
            "1": 2.3587318687872134,
            "2": 3.4521894633333337,
            "3": 2.3496011111111117,
            "4": 0.567911
          },
          "rdm_1q": {
            "q1": 0.9894625561827368,
            "q2": 0.9820010798896041,
            "q3": 0.9822793266481249,
            "q4": 0.9867550912792158
          }
        },
        "C": {
          "qubits": [
            2,
            3,
            4,
            5
          ],
          "fidelity": 0.9758214116497196,
          "n_iters": 1000,
          "frob_convergence": [
            0.030205860087952216,
            0.03399648699718349,
            0.03891149504305882,
            0.02938129328183627,
            0.03031446043864346
          ],
          "n_expectations": 190,
          "weight_energy": {
            "0": 1.0,
            "1": 2.3718000094340432,
            "2": 3.4528434166666657,
            "3": 2.262020222222223,
            "4": 0.5393454444444444
          },
          "rdm_1q": {
            "q2": 0.990126534604201,
            "q3": 0.9858690183352046,
            "q4": 0.9867001564141541,
            "q5": 0.9899705467252757
          }
        },