{
  "params": {
    "n_qubits": 4,
    "m_budget": 137,
    "n_shots": 1000,
    "depol": 0.03,
    "readout": 0.02,
    "n_trials": 20,
    "n_workers": 32
  },
  "ranking": [
    [
      "K*",
      0.5024262133050981
    ],
    [
      "Random",
      0.3347530404985852
    ],
    [
      "Adaptive-3R",
      0.13978396622284456
    ],
    [
      "Adaptive-5R",
      0.1328841122272149
    ]
  ],
  "per_state": {
    "K*": {
      "Product": {
        "mean": 0.9902512386464597,
        "std": 0.0015052599872386438
      },
      "W": {
        "mean": 0.9276862453719754,
        "std": 0.01706034691842667
      },
      "GHZ": {
        "mean": 0.497077470326306,
        "std": 0.012525433540996228
      },
      "Haar-0": {
        "mean": 0.381566959468859,
        "std": 0.020774128965282277
      },
      "Haar-1": {
        "mean": 0.37071102893783064,
        "std": 0.021436605707827506
      },
      "Haar-2": {
        "mean": 0.3590132205462814,
        "std": 0.02204119408925498
      },
      "Haar-3": {
        "mean": 0.4002816611957143,
        "std": 0.023218506427998442
      },
      "Haar-4": {
        "mean": 0.4226157908919864,
        "std": 0.01668035819088486
      },
      "Haar-5": {
        "mean": 0.3875980432184168,
        "std": 0.028345414672489584
      },
      "Haar-6": {
        "mean": 0.4436678748770671,
        "std": 0.02631812440673678
      },
      "Haar-7": {
        "mean": 0.3461366007654803,
        "std": 0.02307029496551854
      },
      "Haar-8": {
        "mean": 0.4237568179649277,
        "std": 0.016193462767417365
      },
      "Haar-9": {
        "mean": 0.46128932066147293,
        "std": 0.018332881761771825
      },
      "Haar(agg)": {
        "mean": 0.3996637318528036,
        "std": 0.041822950553670364
      },
      "Mixed-0": {
        "mean": 0.5142751231004972,
        "std": 0.01218854423938838
      },
      "Mixed-1": {
        "mean": 0.5069064496877537,
        "std": 0.02128219869872702
      },
      "Mixed-2": {
        "mean": 0.47810208568528845,
        "std": 0.014120520600383
      },
      "Mixed-3": {
        "mean": 0.5355030331844162,
        "std": 0.017846823588839485
      },
      "Mixed-4": {
        "mean": 0.4613770074194551,
        "std": 0.010257672622709456
      },
      "Mixed-5": {
        "mean": 0.49661936824835307,
        "std": 0.019577882731003565
      },
      "Mixed-6": {
        "mean": 0.5323008901973328,
        "std": 0.01786737854607146
      },
      "Mixed-7": {
        "mean": 0.5847175314720459,
        "std": 0.014117212721745327
      },
      "Mixed-8": {
        "mean": 0.4758211725941893,
        "std": 0.018198956911667216
      },
      "Mixed-9": {
        "mean": 0.5585279715551458,
        "std": 0.01849857294527015
      },
      "Mixed(agg)": {
        "mean": 0.5144150633144478,
        "std": 0.0405549935435366
      }
    },
    "Adaptive-3R": {
      "Product": {
        "mean": 0.12035812357158196,
        "std": 0.23710087876857067
      },
      "W": {
        "mean": 0.09585980466262958,
        "std": 0.051632412059649316
      },
      "GHZ": {
        "mean": 0.13853593250512247,
        "std": 0.20148968836395056
      },
      "Haar-0": {
        "mean": 0.0623879556795625,
        "std": 0.014438260547646837
      },
      "Haar-1": {
        "mean": 0.05827084666152325,
        "std": 0.010956606675155883
      },
      "Haar-2": {
        "mean": 0.06111902796162359,
        "std": 0.011429669911661515
      },
      "Haar-3": {
        "mean": 0.06519113126552274,
        "std": 0.014913914408540773
      },
      "Haar-4": {
        "mean": 0.06077706906322091,
        "std": 0.01136367543288108
      },
      "Haar-5": {
        "mean": 0.06091153751711096,
        "std": 0.014480946336190518
      },
      "Haar-6": {
        "mean": 0.06393511081719967,
        "std": 0.013277646748418439
      },
      "Haar-7": {
        "mean": 0.06526019343316436,
        "std": 0.013884457092494277
      },
      "Haar-8": {
        "mean": 0.06324945072869309,
        "std": 0.012454827194150298
      },
      "Haar-9": {
        "mean": 0.05991113697292484,
        "std": 0.013485554953387149
      },
      "Haar(agg)": {
        "mean": 0.06210134601005459,
        "std": 0.013320483481655689
      },
      "Mixed-0": {
        "mean": 0.23370863565965944,
        "std": 0.015264646870007491
      },
      "Mixed-1": {
        "mean": 0.22635912684900675,
        "std": 0.019964533793472485
      },
      "Mixed-2": {
        "mean": 0.2013791206919117,
        "std": 0.01551691300913104
      },
      "Mixed-3": {
        "mean": 0.22879211501573704,
        "std": 0.01807393219101933
      },
      "Mixed-4": {
        "mean": 0.23182097155518594,
        "std": 0.016833988744717848
      },
      "Mixed-5": {
        "mean": 0.22453723750869314,
        "std": 0.016935648756864884
      },
      "Mixed-6": {
        "mean": 0.20699621310706454,
        "std": 0.018585914939912327
      },
      "Mixed-7": {
        "mean": 0.23163936836986587,
        "std": 0.01803769597823618
      },
      "Mixed-8": {
        "mean": 0.22782385762585927,
        "std": 0.019054751591901575
      },
      "Mixed-9": {
        "mean": 0.2262072559025614,
        "std": 0.012989890445764374
      },
      "Mixed(agg)": {
        "mean": 0.22392639022855448,
        "std": 0.020086624451909833
      }
    },
    "Adaptive-5R": {
      "Product": {
        "mean": 0.03430045382282059,
        "std": 0.09328944304560484
      },
      "W": {
        "mean": 0.0923505344280638,
        "std": 0.1151099735143926
      },
      "GHZ": {
        "mean": 0.07516654414953536,
        "std": 0.10495488532059641
      },
      "Haar-0": {
        "mean": 0.061812592452753556,
        "std": 0.015110346318603788
      },
      "Haar-1": {
        "mean": 0.05772219890826652,
        "std": 0.011427468895114387
      },
      "Haar-2": {
        "mean": 0.060112319353760935,
        "std": 0.01184369002794923
      },
      "Haar-3": {
        "mean": 0.06306327029111328,
        "std": 0.012723978054080176
      },
      "Haar-4": {
        "mean": 0.060924695746326675,
        "std": 0.009639951275446035
      },
      "Haar-5": {
        "mean": 0.06032653283111955,
        "std": 0.013806529404808688
      },
      "Haar-6": {
        "mean": 0.06531372691644083,
        "std": 0.01039442505108378
      },
      "Haar-7": {
        "mean": 0.05886536198465192,
        "std": 0.010336059572233196
      },
      "Haar-8": {
        "mean": 0.061518686638182975,
        "std": 0.011628402481097465
      },
      "Haar-9": {
        "mean": 0.06573032129338276,
        "std": 0.017199181327137728
      },
      "Haar(agg)": {
        "mean": 0.0615389706415999,
        "std": 0.012846612381892147
      },
      "Mixed-0": {
        "mean": 0.2332671547416628,
        "std": 0.011165217589383773
      },
      "Mixed-1": {
        "mean": 0.22949855265301985,
        "std": 0.014410757063228667
      },
      "Mixed-2": {
        "mean": 0.20240844275233144,
        "std": 0.018259058998946084
      },
      "Mixed-3": {
        "mean": 0.2184954054856249,
        "std": 0.01639206178192547
      },
      "Mixed-4": {
        "mean": 0.22951676110116473,
        "std": 0.01629511157619647
      },
      "Mixed-5": {
        "mean": 0.2284426543414869,
        "std": 0.025830501254350536
      },
      "Mixed-6": {
        "mean": 0.21352803146348615,
        "std": 0.019789718365608014
      },
      "Mixed-7": {
        "mean": 0.227566851817872,
        "std": 0.01678860092387933
      },